ID,Im√°genes
91567,"https://etiquecosas.ar/wp-content/uploads/2025/06/tubos-1000px-02.jpg, https://etiquecosas.ar/wp-content/uploads/2025/06/tubos-1000px-13.jpg, https://etiquecosas.ar/wp-content/uploads/2025/06/tubos-1000px-12.jpg, https://etiquecosas.ar/wp-content/uploads/2025/06/tubos-1000px-09.jpg, https://etiquecosas.ar/wp-content/uploads/2025/06/tubos-1000px-11.jpg, https://etiquecosas.ar/wp-content/uploads/2025/06/tubos-1000px-08.jpg, https://etiquecosas.ar/wp-content/uploads/2025/06/tubos-1000px-10.jpg, https://etiquecosas.ar/wp-content/uploads/2025/06/tubos-1000px-03.jpg, https://etiquecosas.ar/wp-content/uploads/2025/06/tubos-1000px-04.jpg, https://etiquecosas.ar/wp-content/uploads/2025/06/tubos-1000px-05.jpg, https://etiquecosas.ar/wp-content/uploads/2025/06/tubos-1000px-06.jpg"
91136,"https://etiquecosas.ar/wp-content/uploads/2025/06/nombre-camisetas-cuadrada-01.jpg, https://etiquecosas.ar/wp-content/uploads/2025/06/nombre-camisetas-cuadrada-05.jpg, https://etiquecosas.ar/wp-content/uploads/2025/06/nombre-camisetas-cuadrada-11.jpg, https://etiquecosas.ar/wp-content/uploads/2025/06/nombre-camisetas-cuadrada-06.jpg, https://etiquecosas.ar/wp-content/uploads/2025/06/nombre-camisetas-cuadrada-02.jpg, https://etiquecosas.ar/wp-content/uploads/2025/06/nombre-camisetas-cuadrada-04.jpg, https://etiquecosas.ar/wp-content/uploads/2025/06/nombre-camisetas-cuadrada-09.jpg, https://etiquecosas.ar/wp-content/uploads/2025/06/nombre-camisetas-cuadrada-07.jpg, https://etiquecosas.ar/wp-content/uploads/2025/06/nombre-camiseta.jpg, https://etiquecosas.ar/wp-content/uploads/2025/06/nombre-camiseta-1.jpg"
50591,"https://etiquecosas.ar/wp-content/uploads/2023/06/cuponera-5.jpg, https://etiquecosas.ar/wp-content/uploads/2023/06/D7B9A26B-DCBE-40DC-9E8F-9C1D303F65C1_1_105_c.jpg, https://etiquecosas.ar/wp-content/uploads/2023/06/cuponera-1-tapa.jpg, https://etiquecosas.ar/wp-content/uploads/2023/06/cuponera-1.jpg, https://etiquecosas.ar/wp-content/uploads/2023/06/cuponera-9.jpg, https://etiquecosas.ar/wp-content/uploads/2023/06/cuponera-2.jpg, https://etiquecosas.ar/wp-content/uploads/2023/06/cuponera-3.jpg, https://etiquecosas.ar/wp-content/uploads/2023/06/cuponera-papa-2.jpg, https://etiquecosas.ar/wp-content/uploads/2023/06/cuponera-4.jpg, https://etiquecosas.ar/wp-content/uploads/2023/06/cuponera-papa-3.jpg"
1888,"https://etiquecosas.ar/wp-content/uploads/2020/07/portada-abuelo-2.jpg, https://etiquecosas.ar/wp-content/uploads/2020/07/introduccion.jpg, https://etiquecosas.ar/wp-content/uploads/2020/07/tapa-interior.jpg, https://etiquecosas.ar/wp-content/uploads/2020/07/viajes-abuelo.jpg, https://etiquecosas.ar/wp-content/uploads/2020/07/portada-abuelo2.jpg, https://etiquecosas.ar/wp-content/uploads/2020/07/interior-nacimiento.jpg, https://etiquecosas.ar/wp-content/uploads/2020/07/interior-hobby.jpg, https://etiquecosas.ar/wp-content/uploads/2020/07/interior-trabajo.jpg, https://etiquecosas.ar/wp-content/uploads/2020/07/favoritos.jpg, https://etiquecosas.ar/wp-content/uploads/2020/07/dedicatoria.jpg"
13090,"https://etiquecosas.ar/wp-content/uploads/2021/09/portada-abuela-1.jpg, https://etiquecosas.ar/wp-content/uploads/2021/09/introduccion.jpg, https://etiquecosas.ar/wp-content/uploads/2021/09/tapa-interior.jpg, https://etiquecosas.ar/wp-content/uploads/2021/09/libro-abuela-1.jpg, https://etiquecosas.ar/wp-content/uploads/2021/09/libro-abuela-2.jpg, https://etiquecosas.ar/wp-content/uploads/2021/09/IMG_8431.jpg, https://etiquecosas.ar/wp-content/uploads/2021/09/abuela-interior.jpg, https://etiquecosas.ar/wp-content/uploads/2021/09/libro-video.jpg, https://etiquecosas.ar/wp-content/uploads/2021/09/pag1.jpg, https://etiquecosas.ar/wp-content/uploads/2020/07/interior-nacimiento.jpg, https://etiquecosas.ar/wp-content/uploads/2021/09/tios.jpg, https://etiquecosas.ar/wp-content/uploads/2020/07/dedicatoria.jpg"
54111,"https://etiquecosas.ar/wp-content/uploads/2023/10/marco-porta-dibujos-papa.jpg, https://etiquecosas.ar/wp-content/uploads/2023/10/marco-porta-dibujos-8.jpg, https://etiquecosas.ar/wp-content/uploads/2023/10/marco-mama.png, https://etiquecosas.ar/wp-content/uploads/2023/10/marco-porta-dibujos-portada.jpg, https://etiquecosas.ar/wp-content/uploads/2023/10/marco-porta-dibujos-4.jpg, https://etiquecosas.ar/wp-content/uploads/2023/10/marco-porta-dibujos-5.jpg, https://etiquecosas.ar/wp-content/uploads/2023/10/marco-porta-dibujos-6.jpg, https://etiquecosas.ar/wp-content/uploads/2023/10/marco-porta-dibujos-7.jpg, https://etiquecosas.ar/wp-content/uploads/2023/10/marco-porta-dibujos-1.jpg, https://etiquecosas.ar/wp-content/uploads/2023/10/marco-porta-dibujos-3.jpg"
91020,"https://etiquecosas.ar/wp-content/uploads/2025/05/estuches-organizadores-SMALL.jpg, https://etiquecosas.ar/wp-content/uploads/2025/05/estuche-small-cosmeticos.jpg, https://etiquecosas.ar/wp-content/uploads/2025/05/estuche-small-accesorios.jpg, https://etiquecosas.ar/wp-content/uploads/2025/05/pasaportes.jpg, https://etiquecosas.ar/wp-content/uploads/2025/05/estuches-organizadores-setx3-1.jpg"
91038,"https://etiquecosas.ar/wp-content/uploads/2025/05/estuches-organizadores-medium.jpg, https://etiquecosas.ar/wp-content/uploads/2025/05/estuches-organizadores-medium-1-1.jpg, https://etiquecosas.ar/wp-content/uploads/2025/05/BEBES.jpg, https://etiquecosas.ar/wp-content/uploads/2025/05/estuches-organizadores-setx3-1.jpg, https://etiquecosas.ar/wp-content/uploads/2025/05/estuches-organizadores3-setx3.jpg, https://etiquecosas.ar/wp-content/uploads/2025/05/estuches-valija.jpg"
91030,"https://etiquecosas.ar/wp-content/uploads/2025/05/estuches-organizadores-large.jpg, https://etiquecosas.ar/wp-content/uploads/2025/05/estuches-organizadores-large-1.jpg, https://etiquecosas.ar/wp-content/uploads/2025/05/estuches-valija.jpg, https://etiquecosas.ar/wp-content/uploads/2025/05/estuches-organizadores3-setx3.jpg, https://etiquecosas.ar/wp-content/uploads/2025/05/estuches-organizadores-setx3-1.jpg"
92153,"https://etiquecosas.ar/wp-content/uploads/2025/07/pack-happy.jpg, https://etiquecosas.ar/wp-content/uploads/2021/10/LOVE.jpg, https://etiquecosas.ar/wp-content/uploads/2021/10/animales-1.jpg, https://etiquecosas.ar/wp-content/uploads/2021/10/plancha-spring.jpg, https://etiquecosas.ar/wp-content/uploads/2021/10/FIESTA.jpg"
92158,"https://etiquecosas.ar/wp-content/uploads/2025/07/pack-power.jpg, https://etiquecosas.ar/wp-content/uploads/2021/10/animales-1.jpg, https://etiquecosas.ar/wp-content/uploads/2021/11/transportes.jpg, https://etiquecosas.ar/wp-content/uploads/2021/10/deportes2.jpg, https://etiquecosas.ar/wp-content/uploads/2021/10/estrellas.jpg"
978,"https://etiquecosas.ar/wp-content/uploads/2020/01/sello-portada.jpg, https://etiquecosas.ar/wp-content/uploads/2020/01/sello-universal-aplicacion.jpg, https://etiquecosas.ar/wp-content/uploads/2020/01/sello-nuevo-logo.jpg, https://etiquecosas.ar/wp-content/uploads/2020/01/sello-dorso.jpg, https://etiquecosas.ar/wp-content/uploads/2020/01/pinza.jpg, https://etiquecosas.ar/wp-content/uploads/2020/01/IMG_6736-sello.jpg, https://etiquecosas.ar/wp-content/uploads/2020/01/IMG_7403-sello.jpg"
987,"https://etiquecosas.ar/wp-content/uploads/2020/01/sello-tinta-portada.jpg, https://etiquecosas.ar/wp-content/uploads/2020/01/sello-nuevo-logo.jpg, https://etiquecosas.ar/wp-content/uploads/2020/01/sello-dorso.jpg, https://etiquecosas.ar/wp-content/uploads/2020/01/sello-universal-aplicacion.jpg, https://etiquecosas.ar/wp-content/uploads/2020/01/pinza.jpg, https://etiquecosas.ar/wp-content/uploads/2020/01/base-oct-1.jpg, https://etiquecosas.ar/wp-content/uploads/2020/01/kit-tinta.jpg"
1030,"https://etiquecosas.ar/wp-content/uploads/2020/01/cartucho.jpg, https://etiquecosas.ar/wp-content/uploads/2020/01/instructivo_cartucho_sello.jpg, https://etiquecosas.ar/wp-content/uploads/2020/01/mantita-1.jpg"
1032,"https://etiquecosas.ar/wp-content/uploads/2020/01/cinta-y-centrador.jpg, https://etiquecosas.ar/wp-content/uploads/2020/01/cinta2.jpg, https://etiquecosas.ar/wp-content/uploads/2020/01/cinta-sello.jpg, https://etiquecosas.ar/wp-content/uploads/2020/01/cinta-sello2.jpg, https://etiquecosas.ar/wp-content/uploads/2020/01/cinta-y-centrador3.jpg, https://etiquecosas.ar/wp-content/uploads/2020/01/sello-personalizado3.jpg, https://etiquecosas.ar/wp-content/uploads/2020/01/IMG_0751-scaled.jpg"
72464,"https://etiquecosas.ar/wp-content/uploads/2024/10/Fotomontaje-Botanica-abstracta-gris-muy-alta.jpg, https://etiquecosas.ar/wp-content/uploads/2024/10/botanico-sobre.jpg, https://etiquecosas.ar/wp-content/uploads/2024/10/Fotomontaje-Botanica-abstracta-gris-zoom-muy-alta.jpg, https://etiquecosas.ar/wp-content/uploads/2024/10/Medidas-Web-Abstracta-2.jpg"
91772,"https://etiquecosas.ar/wp-content/uploads/2025/07/Vinilo-mural-margaritas-4.jpg, https://etiquecosas.ar/wp-content/uploads/2025/07/margarita-sobre.jpg, https://etiquecosas.ar/wp-content/uploads/2025/07/Vinilo-mural-margaritas.jpg, https://etiquecosas.ar/wp-content/uploads/2025/07/Vinilo-mural-margaritas-3.jpg, https://etiquecosas.ar/wp-content/uploads/2025/07/Vinilo-mural-margaritas-2.jpg, https://etiquecosas.ar/wp-content/uploads/2025/07/Vinilo-mural-margaritas-5.jpg"
90453,"https://etiquecosas.ar/wp-content/uploads/2025/05/mural-perro-salchicha.jpg, https://etiquecosas.ar/wp-content/uploads/2025/05/perro-salchicha-sobre.jpg"
90291,"https://etiquecosas.ar/wp-content/uploads/2025/04/silvestre-invierno-pared.jpg, https://etiquecosas.ar/wp-content/uploads/2025/04/silvestre-invierno-1.jpg, https://etiquecosas.ar/wp-content/uploads/2025/04/silvestre-invierno-2.jpg, https://etiquecosas.ar/wp-content/uploads/2025/04/silvestre-invierno-3.jpg"
72356,"https://etiquecosas.ar/wp-content/uploads/2024/10/Fotomontaje-Eucalipto2-muy-alta.jpg, https://etiquecosas.ar/wp-content/uploads/2024/10/Sobre-Eucalipto.jpg, https://etiquecosas.ar/wp-content/uploads/2024/10/Fotomotaje-Eucalipto-01-muy-alta.jpg, https://etiquecosas.ar/wp-content/uploads/2024/10/Fotomontaje-Eucalipto2-zoom-muy-alta.jpg, https://etiquecosas.ar/wp-content/uploads/2024/10/Medidas-Web-Eucalipto.jpg"
72363,"https://etiquecosas.ar/wp-content/uploads/2024/10/Fotomontaje-Floral-Puntillismo-muy-alta.jpg, https://etiquecosas.ar/wp-content/uploads/2024/10/Sobre-Pumtillismo.jpg, https://etiquecosas.ar/wp-content/uploads/2024/10/Fotomontaje-Floral-Puntillismo-2-alta.jpg, https://etiquecosas.ar/wp-content/uploads/2024/10/Fotomontaje-Floral-Puntillismo-2-zoom.jpg, https://etiquecosas.ar/wp-content/uploads/2024/10/Fotomontaje-Floral-Puntillismo-zoom.jpg, https://etiquecosas.ar/wp-content/uploads/2024/10/Medidas-Web-Floral-Puntillismo.jpg"
72346,"https://etiquecosas.ar/wp-content/uploads/2024/10/Fotomontaje-Safari3-muy-alta.jpg, https://etiquecosas.ar/wp-content/uploads/2024/10/Sobre-Safari.jpg, https://etiquecosas.ar/wp-content/uploads/2024/10/Fotomontaje-Safari3-zoom-alta.jpg, https://etiquecosas.ar/wp-content/uploads/2024/10/Fotomontaje-Safari-zoom-muy-alta.jpg, https://etiquecosas.ar/wp-content/uploads/2024/10/Fotomontaje-Safari-muy-alta.jpg, https://etiquecosas.ar/wp-content/uploads/2024/10/Medidas-Web-Safari-1.jpg"
71289,"https://etiquecosas.ar/wp-content/uploads/2024/09/kit-completo-repuesto-sello-5.jpg, https://etiquecosas.ar/wp-content/uploads/2024/09/kit-completo-repuesto-sello-2.jpg, https://etiquecosas.ar/wp-content/uploads/2024/09/kit-completo-repuesto-sello-detalle.jpg, https://etiquecosas.ar/wp-content/uploads/2024/09/kit-completo-repuesto-sello-3.jpg, https://etiquecosas.ar/wp-content/uploads/2024/01/cinta2.jpg, https://etiquecosas.ar/wp-content/uploads/2024/01/ropa-cinta.jpg"
53440,"https://etiquecosas.ar/wp-content/uploads/2023/09/cuponera-mama-tapa-2.jpg, https://etiquecosas.ar/wp-content/uploads/2023/09/cuponera-mama-8.jpg, https://etiquecosas.ar/wp-content/uploads/2023/09/cuponera-mama-9.jpg, https://etiquecosas.ar/wp-content/uploads/2023/09/cuponera-mama-1.jpg, https://etiquecosas.ar/wp-content/uploads/2023/09/cuponera-mama-6.jpg, https://etiquecosas.ar/wp-content/uploads/2023/09/cuponera-mama-3.jpg, https://etiquecosas.ar/wp-content/uploads/2023/09/cuponera-mama-5.jpg, https://etiquecosas.ar/wp-content/uploads/2023/09/cuponera-mama-tapa.jpg"
59397,"https://etiquecosas.ar/wp-content/uploads/2024/01/sello-redondo-repuesto-cinta-6.jpg, https://etiquecosas.ar/wp-content/uploads/2024/01/combo-repuesto-redondo.jpg, https://etiquecosas.ar/wp-content/uploads/2024/01/sello-redondo-repuesto-cinta-5.jpg"
68636,"https://etiquecosas.ar/wp-content/uploads/2024/05/mate-colores.jpg, https://etiquecosas.ar/wp-content/uploads/2024/05/plancha-etiquetas-colores.jpg, https://etiquecosas.ar/wp-content/uploads/2024/05/galletitas-colores.jpg, https://etiquecosas.ar/wp-content/uploads/2024/05/frascos-variados-colores.jpg"
14042,"https://etiquecosas.ar/wp-content/uploads/2021/10/vinilo-planchable5-nombre.png, https://etiquecosas.ar/wp-content/uploads/2021/10/portada-vinilo-planchable.png, https://etiquecosas.ar/wp-content/uploads/2021/10/vinilo-planchable.jpg, https://etiquecosas.ar/wp-content/uploads/2021/10/vinilo-planchable2.jpg"
58059,"https://etiquecosas.ar/wp-content/uploads/2024/01/tinta-repuesto-redondo.jpg, https://etiquecosas.ar/wp-content/uploads/2024/01/sello-redondo-repuesto-cinta-6.jpg, https://etiquecosas.ar/wp-content/uploads/2024/01/tinta-repuesto-redondo-1.jpg"
802,"https://etiquecosas.ar/wp-content/uploads/2020/01/planchita-pcak.jpg, https://etiquecosas.ar/wp-content/uploads/2020/01/SIN-TACC-1.jpg, https://etiquecosas.ar/wp-content/uploads/2020/01/SIN-TACC2.jpg"
48975,"https://etiquecosas.ar/wp-content/uploads/2023/03/rotuladora-vintage-4.jpg, https://etiquecosas.ar/wp-content/uploads/2023/03/rotuadora-vintage-negra.jpg, https://etiquecosas.ar/wp-content/uploads/2023/03/rotuadora-vintage-medidas.jpg, https://etiquecosas.ar/wp-content/uploads/2023/03/rotuladora-vintage-gorsh.jpg, https://etiquecosas.ar/wp-content/uploads/2023/03/rotuladora-vintage-1.jpg, https://etiquecosas.ar/wp-content/uploads/2023/03/Celu-motex.jpg, https://etiquecosas.ar/wp-content/uploads/2023/03/rotuladora-vintage-3.jpg, https://etiquecosas.ar/wp-content/uploads/2023/03/rotuladora-vintage-2.jpg, https://etiquecosas.ar/wp-content/uploads/2023/03/cinta-motex.jpg, https://etiquecosas.ar/wp-content/uploads/2023/03/rotuladora-vinatge-usos.jpg, https://etiquecosas.ar/wp-content/uploads/2023/03/rotuladora-vinatge-usos2.jpg, https://etiquecosas.ar/wp-content/uploads/2023/04/portada-cintas-motex-1.jpg"
67874,"https://etiquecosas.ar/wp-content/uploads/2024/04/caudernos-A5-Florecer-3.jpg, https://etiquecosas.ar/wp-content/uploads/2024/04/cuadernos-A5-interior-Florecer.jpg, https://etiquecosas.ar/wp-content/uploads/2024/04/caudernos-A5-Florecer-2.jpg, https://etiquecosas.ar/wp-content/uploads/2024/04/cuadernos-A5.jpg"
67883,"https://etiquecosas.ar/wp-content/uploads/2024/04/caudernos-A5-todo-es-posible.jpg, https://etiquecosas.ar/wp-content/uploads/2024/04/cuadernos-A5.jpg"
67879,https://etiquecosas.ar/wp-content/uploads/2024/04/caudernos-A5-tropical.jpg
67350,"https://etiquecosas.ar/wp-content/uploads/2024/03/parche-antipicazon.jpg, https://etiquecosas.ar/wp-content/uploads/2024/03/parche-antipicazon-explicacion.jpg"
53503,
53504,
69404,https://etiquecosas.ar/wp-content/uploads/2024/07/pack-neon-foodie.jpg
69412,https://etiquecosas.ar/wp-content/uploads/2024/07/pack-neon-frases.jpg
69413,https://etiquecosas.ar/wp-content/uploads/2024/07/pack-neon-fun.jpg
69437,https://etiquecosas.ar/wp-content/uploads/2024/07/pack-neon-animales.jpg
69440,https://etiquecosas.ar/wp-content/uploads/2024/07/pack-neon-summer.jpg
69422,https://etiquecosas.ar/wp-content/uploads/2024/07/pack-neon-love.jpg
69459,https://etiquecosas.ar/wp-content/uploads/2024/07/pack-neon-queen.jpg
69415,https://etiquecosas.ar/wp-content/uploads/2024/07/pack-neon-personajes.jpg
69446,https://etiquecosas.ar/wp-content/uploads/2024/07/pack-neon-espacio.jpg
69418,https://etiquecosas.ar/wp-content/uploads/2024/07/pack-neon-gamer.jpg
69444,https://etiquecosas.ar/wp-content/uploads/2024/07/pack-neon-logos.jpg
31401,"https://etiquecosas.ar/wp-content/uploads/2022/08/playroom-nordica.jpg, https://etiquecosas.ar/wp-content/uploads/2022/08/playroom-peluches-scaled.jpg"
1053,https://etiquecosas.ar/wp-content/uploads/2020/01/escolar-gris.jpg
1054,https://etiquecosas.ar/wp-content/uploads/2020/01/escolar-azul.jpg
90529,https://etiquecosas.ar/wp-content/uploads/2025/05/parche-escolar-bordo.jpg
47098,https://etiquecosas.ar/wp-content/uploads/2023/02/parche-escolar-verde.jpg
52609,https://etiquecosas.ar/wp-content/uploads/2023/08/parche-formas-negro.jpg
90063,https://etiquecosas.ar/wp-content/uploads/2025/04/calco-capybara-fanclub.jpg
90066,https://etiquecosas.ar/wp-content/uploads/2025/04/calco-capibara-monopatin.jpg
70185,https://etiquecosas.ar/wp-content/uploads/2024/08/its-me.jpg
70195,https://etiquecosas.ar/wp-content/uploads/2024/08/manifest.jpg
70191,https://etiquecosas.ar/wp-content/uploads/2024/08/pulsera-de-la-amistad.png
70196,https://etiquecosas.ar/wp-content/uploads/2024/08/karma.jpg
70199,https://etiquecosas.ar/wp-content/uploads/2024/08/Bola-de-espejos.jpg
70194,https://etiquecosas.ar/wp-content/uploads/2024/08/own-future.jpg
52618,
51957,"https://etiquecosas.ar/wp-content/uploads/2023/07/barbi-tag-2.jpg, https://etiquecosas.ar/wp-content/uploads/2023/07/barbi-tag-5.jpg, https://etiquecosas.ar/wp-content/uploads/2023/07/barbi-tag-nombres.jpg, https://etiquecosas.ar/wp-content/uploads/2023/07/barbi-tag-4.jpg, https://etiquecosas.ar/wp-content/uploads/2023/07/barbi-tag-cuadrada-3.jpg, https://etiquecosas.ar/wp-content/uploads/2023/07/barbi-tag-7.jpg, https://etiquecosas.ar/wp-content/uploads/2023/07/barbi-tag-6.jpg"
79161,"https://etiquecosas.ar/wp-content/uploads/2025/01/Etiquecosas-Vuelta-al-cole-2025-baja01.jpg, https://etiquecosas.ar/wp-content/uploads/2025/01/Etiquecosas-Vuelta-al-cole-2025-baja04.jpg, https://etiquecosas.ar/wp-content/uploads/2025/01/Etiquecosas-Vuelta-al-cole-2025-baja03.jpg, https://etiquecosas.ar/wp-content/uploads/2025/01/Etiquecosas-Vuelta-al-cole-2025-baja02.jpg, https://etiquecosas.ar/wp-content/uploads/2023/12/mochilita-margaritas-3.png, https://etiquecosas.ar/wp-content/uploads/2023/12/mochilita-margaritas-2.png"
55937,"https://etiquecosas.ar/wp-content/uploads/2023/12/mochilita-margaritas-1.png, https://etiquecosas.ar/wp-content/uploads/2023/12/mochilita-margaritas-2.png, https://etiquecosas.ar/wp-content/uploads/2023/12/mochilita-margaritas-3.png"
79168,"https://etiquecosas.ar/wp-content/uploads/2025/01/Etiquecosas-Vuelta-al-cole-2025-baja08.jpg, https://etiquecosas.ar/wp-content/uploads/2025/01/Etiquecosas-Vuelta-al-cole-2025-baja11.jpg, https://etiquecosas.ar/wp-content/uploads/2025/01/Etiquecosas-Vuelta-al-cole-2025-baja10.jpg, https://etiquecosas.ar/wp-content/uploads/2025/01/Etiquecosas-Vuelta-al-cole-2025-baja09.jpg, https://etiquecosas.ar/wp-content/uploads/2022/11/IMG_3791.jpg"
33956,"https://etiquecosas.ar/wp-content/uploads/2022/11/IMG_3786.jpg, https://etiquecosas.ar/wp-content/uploads/2022/11/IMG_3791.jpg"
79173,"https://etiquecosas.ar/wp-content/uploads/2025/01/mochila-origami-nombre1.jpg, https://etiquecosas.ar/wp-content/uploads/2023/12/mochilita-origami-2.png, https://etiquecosas.ar/wp-content/uploads/2023/12/mochilita-origami-3.png"
55933,"https://etiquecosas.ar/wp-content/uploads/2023/12/mochilita-origami-1.png, https://etiquecosas.ar/wp-content/uploads/2023/12/mochilita-origami-2.png, https://etiquecosas.ar/wp-content/uploads/2023/12/mochilita-origami-3.png"
34109,"https://etiquecosas.ar/wp-content/uploads/2022/11/mochilita-monstruitos-1.png, https://etiquecosas.ar/wp-content/uploads/2022/11/mochilita-monstruitos-2.png, https://etiquecosas.ar/wp-content/uploads/2022/11/mochilita-monstruitos-3.png"
34198,"https://etiquecosas.ar/wp-content/uploads/2022/11/IMG_3721.jpg, https://etiquecosas.ar/wp-content/uploads/2022/11/IMG_3723.jpg"
33948,"https://etiquecosas.ar/wp-content/uploads/2022/11/IMG_3757.jpg, https://etiquecosas.ar/wp-content/uploads/2022/11/IMG_3761.jpg, https://etiquecosas.ar/wp-content/uploads/2022/11/IMG_3760.jpg, https://etiquecosas.ar/wp-content/uploads/2022/11/IMG_3763.jpg, https://etiquecosas.ar/wp-content/uploads/2022/11/IMG_3759.jpg"
51907,"https://etiquecosas.ar/wp-content/uploads/2023/07/cuponera-kids-etiquecosas-3.jpg, https://etiquecosas.ar/wp-content/uploads/2023/07/Cuponera-kids-1.jpg, https://etiquecosas.ar/wp-content/uploads/2023/07/Cuponera-kids-4.jpg, https://etiquecosas.ar/wp-content/uploads/2023/07/Cuponera-kids-2.jpg, https://etiquecosas.ar/wp-content/uploads/2023/07/cuponera-kids-etiquecosas-11.jpg, https://etiquecosas.ar/wp-content/uploads/2023/07/cuponera-kids-etiquecosas-8.jpg, https://etiquecosas.ar/wp-content/uploads/2023/07/cuponera-kids-etiquecosas-2.jpg, https://etiquecosas.ar/wp-content/uploads/2023/07/cuponera-kids-etiquecosas-5.jpg, https://etiquecosas.ar/wp-content/uploads/2023/07/Cuponera-kids-5.jpg, https://etiquecosas.ar/wp-content/uploads/2023/07/Cuponera-kids-6.jpg"
90267,"https://etiquecosas.ar/wp-content/uploads/2025/04/fotos-800-px-web-planner-a5-3.jpg, https://etiquecosas.ar/wp-content/uploads/2025/04/fotos-800-px-web-planner-a5-2.jpg"
67029,https://etiquecosas.ar/wp-content/uploads/2024/03/A5-Rayado-Vertical.png
92892,https://etiquecosas.ar/wp-content/uploads/2025/08/A5-Cuadricula-Horizontal.png
92773,"https://etiquecosas.ar/wp-content/uploads/2025/08/planner-a4-claveles-01.jpg, https://etiquecosas.ar/wp-content/uploads/2025/08/planner-a4-claveles-01.jpg"
33242,"https://etiquecosas.ar/wp-content/uploads/2022/10/pins-gamer-nombre.jpg, https://etiquecosas.ar/wp-content/uploads/2022/10/pins-gamer-2.jpg, https://etiquecosas.ar/wp-content/uploads/2022/10/pins-gamer-1.jpg"
33235,"https://etiquecosas.ar/wp-content/uploads/2022/10/pins-skate-nombre.jpg, https://etiquecosas.ar/wp-content/uploads/2022/10/pins-nombres-1.jpg"
67604,https://etiquecosas.ar/wp-content/uploads/2024/04/planificador-botanica.jpg
33218,"https://etiquecosas.ar/wp-content/uploads/2022/10/pins-surf-nombre.jpg, https://etiquecosas.ar/wp-content/uploads/2022/10/pins-nombres-1.jpg"
67605,https://etiquecosas.ar/wp-content/uploads/2024/04/planificador-flores-limones.jpg
67597,https://etiquecosas.ar/wp-content/uploads/2024/04/planificador-rosedal.jpg
33226,"https://etiquecosas.ar/wp-content/uploads/2022/10/pins-teen-nombre-blister.jpg, https://etiquecosas.ar/wp-content/uploads/2022/10/pins-teen.jpg, https://etiquecosas.ar/wp-content/uploads/2022/10/pin-teen-marcador.jpg, https://etiquecosas.ar/wp-content/uploads/2022/10/pins-teen-nombre.jpg, https://etiquecosas.ar/wp-content/uploads/2022/10/pins-teen-1.jpg, https://etiquecosas.ar/wp-content/uploads/2022/10/pins-teen-2.jpg, https://etiquecosas.ar/wp-content/uploads/2022/10/combo-pins-universo-teens2.jpg"
51304,https://etiquecosas.ar/wp-content/uploads/2023/06/planificador-horizontal-flores-blancas-1.png
67193,https://etiquecosas.ar/wp-content/uploads/2024/03/fotos-800-px-web-lilium.png
67225,https://etiquecosas.ar/wp-content/uploads/2024/03/fotos-800-px-web-MAGIA.png
73792,"https://etiquecosas.ar/wp-content/uploads/2020/06/linea-banderin.jpg, https://etiquecosas.ar/wp-content/uploads/2020/06/plancha-banderin.jpg"
1349,"https://etiquecosas.ar/wp-content/uploads/2020/06/grandes-chaplin1-1.jpg, https://etiquecosas.ar/wp-content/uploads/2020/06/grandes-chaplin2.jpg, https://etiquecosas.ar/wp-content/uploads/2020/06/pizza.jpg, https://etiquecosas.ar/wp-content/uploads/2020/06/fideos-1.jpg, https://etiquecosas.ar/wp-content/uploads/2020/06/grandes-chaplin-plancha.jpg"
1449,"https://etiquecosas.ar/wp-content/uploads/2020/06/frasco2.png, https://etiquecosas.ar/wp-content/uploads/2020/06/panomarica.jpg, https://etiquecosas.ar/wp-content/uploads/2020/06/tapas-dahi.jpg, https://etiquecosas.ar/wp-content/uploads/2020/06/chaplin.jpg, https://etiquecosas.ar/wp-content/uploads/2020/06/grandes-chaplin2.jpg, https://etiquecosas.ar/wp-content/uploads/2020/06/pizza.jpg, https://etiquecosas.ar/wp-content/uploads/2020/06/grandes-chaplin-plancha.jpg, https://etiquecosas.ar/wp-content/uploads/2020/06/MODELO-1.jpg, https://etiquecosas.ar/wp-content/uploads/2020/06/MODELO-2.jpg, https://etiquecosas.ar/wp-content/uploads/2020/06/MODELO-3.jpg"
1392,"https://etiquecosas.ar/wp-content/uploads/2020/06/frascos.jpg, https://etiquecosas.ar/wp-content/uploads/2020/06/rotuladoras-cocina-plancha.jpg, https://etiquecosas.ar/wp-content/uploads/2020/06/fotos-web.png"
1386,"https://etiquecosas.ar/wp-content/uploads/2020/06/rotuladoras-ropa1.jpg, https://etiquecosas.ar/wp-content/uploads/2020/06/rotuladoras-ropa-plancha.jpg, https://etiquecosas.ar/wp-content/uploads/2020/06/reme-manga-larga.jpg, https://etiquecosas.ar/wp-content/uploads/2020/06/IMG_9033.jpg"
1311,"https://etiquecosas.ar/wp-content/uploads/2020/06/leche.jpg, https://etiquecosas.ar/wp-content/uploads/2020/06/plancha.jpg, https://etiquecosas.ar/wp-content/uploads/2020/06/jugo-transparente.jpg, https://etiquecosas.ar/wp-content/uploads/2020/06/AGUA.jpg"
51940,https://etiquecosas.ar/wp-content/uploads/2023/07/planner-mensual-flores-silvestre-celeste_Mesa-de-trabajo-1.jpg
51942,https://etiquecosas.ar/wp-content/uploads/2023/07/planificador-mensual-imantado-mostaza.png
51933,https://etiquecosas.ar/wp-content/uploads/2023/07/planificador-semanal-flores-mostaza.png
51935,https://etiquecosas.ar/wp-content/uploads/2023/07/planificador-semanal-flores-negras-1.png
51298,https://etiquecosas.ar/wp-content/uploads/2023/06/planner-imantado-silvestre.jpg
51938,https://etiquecosas.ar/wp-content/uploads/2023/07/planificador-semanal-rosa.png
92779,"https://etiquecosas.ar/wp-content/uploads/2025/08/Planner-colores-semanal-con-marcador-1.jpg, https://etiquecosas.ar/wp-content/uploads/2025/08/Planner-colores-semanal-heladera-1.jpg"
92783,"https://etiquecosas.ar/wp-content/uploads/2025/08/planner_mensual_3.jpg, https://etiquecosas.ar/wp-content/uploads/2025/08/mockup_3.jpg"
69518,"https://etiquecosas.ar/wp-content/uploads/2023/06/Planner-Mila-3.jpg, https://etiquecosas.ar/wp-content/uploads/2023/06/Planner-Mila-1-1.jpg, https://etiquecosas.ar/wp-content/uploads/2023/06/Planner-Mila-combo.jpg, https://etiquecosas.ar/wp-content/uploads/2024/07/stickers-planner-web.jpg, https://etiquecosas.ar/wp-content/uploads/2023/09/planner-Lola-stickers.jpg"
67798,"https://etiquecosas.ar/wp-content/uploads/2024/04/pack-calcos-positive.jpg, https://etiquecosas.ar/wp-content/uploads/2024/01/good-day.jpg, https://etiquecosas.ar/wp-content/uploads/2024/01/Corazon-you-got-this.jpg, https://etiquecosas.ar/wp-content/uploads/2024/01/life-is-good.jpg, https://etiquecosas.ar/wp-content/uploads/2024/01/corazon-feliz.jpg, https://etiquecosas.ar/wp-content/uploads/2024/01/be-the-light.jpg, https://etiquecosas.ar/wp-content/uploads/2024/01/holy.jpg, https://etiquecosas.ar/wp-content/uploads/2024/01/good-things.jpg"
70276,"https://etiquecosas.ar/wp-content/uploads/2024/08/pack-calcos-swifties.png, https://etiquecosas.ar/wp-content/uploads/2024/08/pulsera-de-la-amistad.png, https://etiquecosas.ar/wp-content/uploads/2024/08/Bola-de-espejos.jpg, https://etiquecosas.ar/wp-content/uploads/2024/08/karma.jpg, https://etiquecosas.ar/wp-content/uploads/2024/08/its-me.jpg, https://etiquecosas.ar/wp-content/uploads/2024/08/own-future.jpg, https://etiquecosas.ar/wp-content/uploads/2024/08/manifest.jpg"
67816,"https://etiquecosas.ar/wp-content/uploads/2024/04/pack-calcos-perros.jpg, https://etiquecosas.ar/wp-content/uploads/2023/07/calco-perros-portada.jpg"
52536,https://etiquecosas.ar/wp-content/uploads/2024/04/pack-calcos-retro.jpg
67805,"https://etiquecosas.ar/wp-content/uploads/2024/04/pack-calcos-travel.jpg, https://etiquecosas.ar/wp-content/uploads/2023/03/calco-vespa.jpg, https://etiquecosas.ar/wp-content/uploads/2023/03/calco-combi-scaled.jpg, https://etiquecosas.ar/wp-content/uploads/2023/03/calco-mapamundi.jpg, https://etiquecosas.ar/wp-content/uploads/2023/03/calco-pasaportes.jpg, https://etiquecosas.ar/wp-content/uploads/2023/05/calco-mochila-travel.jpg, https://etiquecosas.ar/wp-content/uploads/2023/03/calco-camara-amarila-scaled.jpg, https://etiquecosas.ar/wp-content/uploads/2023/03/calco-adventure2.jpg"
67778,"https://etiquecosas.ar/wp-content/uploads/2024/04/pack-calcos-futbol-nuevo.jpg, https://etiquecosas.ar/wp-content/uploads/2023/03/calco-messi-10.jpg, https://etiquecosas.ar/wp-content/uploads/2023/03/calco-messi-copa.jpg, https://etiquecosas.ar/wp-content/uploads/2023/04/calco-afa.jpg, https://etiquecosas.ar/wp-content/uploads/2023/03/calco-camiseta-argentina.jpg, https://etiquecosas.ar/wp-content/uploads/2023/04/calco-10.jpg"
67787,https://etiquecosas.ar/wp-content/uploads/2024/04/pack-calcos-argentina.jpg
59840,https://etiquecosas.ar/wp-content/uploads/2024/01/corazon-feliz.jpg
59857,https://etiquecosas.ar/wp-content/uploads/2024/01/be-the-light.jpg
60141,https://etiquecosas.ar/wp-content/uploads/2024/01/Corazon-you-got-this.jpg
59850,https://etiquecosas.ar/wp-content/uploads/2024/01/good-day.jpg
59855,https://etiquecosas.ar/wp-content/uploads/2024/01/good-things.jpg
59852,https://etiquecosas.ar/wp-content/uploads/2024/01/holy.jpg
59853,https://etiquecosas.ar/wp-content/uploads/2024/01/life-is-good.jpg
59854,https://etiquecosas.ar/wp-content/uploads/2024/01/new-york.jpg
48697,https://etiquecosas.ar/wp-content/uploads/2023/03/calco-mapamundi.jpg
48709,https://etiquecosas.ar/wp-content/uploads/2023/03/calco-kanken2.jpg
49994,https://etiquecosas.ar/wp-content/uploads/2023/05/calco-mochila-travel.jpg
48698,https://etiquecosas.ar/wp-content/uploads/2023/03/calco-pasaportes.jpg
70833,https://etiquecosas.ar/wp-content/uploads/2024/08/calco-neon-globo-perro.jpg
69576,https://etiquecosas.ar/wp-content/uploads/2024/07/calco-neon-nieve.jpg
69577,https://etiquecosas.ar/wp-content/uploads/2024/07/calco-neon-puno.jpg
69575,https://etiquecosas.ar/wp-content/uploads/2024/07/calco-neon-unicornio-2.jpg
48699,https://etiquecosas.ar/wp-content/uploads/2023/03/calco-london-scaled.jpg
49499,https://etiquecosas.ar/wp-content/uploads/2023/04/calco-Milan.jpg
49498,https://etiquecosas.ar/wp-content/uploads/2023/04/calco-coliseo.jpg
70831,https://etiquecosas.ar/wp-content/uploads/2024/08/calco-neon-miami.jpg
70830,https://etiquecosas.ar/wp-content/uploads/2024/08/calco-neon-summer-beach.jpg
48639,"https://etiquecosas.ar/wp-content/uploads/2023/03/calco-camara-amarila-scaled.jpg, https://etiquecosas.ar/wp-content/uploads/2023/03/termo-viaje-2.jpg"
48681,https://etiquecosas.ar/wp-content/uploads/2023/03/calco-polaroid.jpg
69568,https://etiquecosas.ar/wp-content/uploads/2024/07/calco-neon-click.jpg
48747,https://etiquecosas.ar/wp-content/uploads/2023/03/calco-vespa.jpg
48702,https://etiquecosas.ar/wp-content/uploads/2023/03/calco-combi-celeste.jpg
48700,"https://etiquecosas.ar/wp-content/uploads/2023/03/calco-combi-scaled.jpg, https://etiquecosas.ar/wp-content/uploads/2023/03/termo-viaje-2.jpg"
49999,https://etiquecosas.ar/wp-content/uploads/2023/05/calco-summer-feeling.jpg
49530,https://etiquecosas.ar/wp-content/uploads/2023/04/calco-tabla-de-surf.jpg
70918,https://etiquecosas.ar/wp-content/uploads/2024/08/calco-neon-tabla-surf.jpg
69569,https://etiquecosas.ar/wp-content/uploads/2024/07/calco-neon-cuernitos.jpg
69573,https://etiquecosas.ar/wp-content/uploads/2024/07/calco-neon-globo.jpg
48706,https://etiquecosas.ar/wp-content/uploads/2023/03/calco-adventure2.jpg
48707,https://etiquecosas.ar/wp-content/uploads/2023/03/calco-adventure.jpg
48762,"https://etiquecosas.ar/wp-content/uploads/2023/03/calco-into-the-wild.jpg, https://etiquecosas.ar/wp-content/uploads/2023/03/termo-arg-Flor-2.jpg"
49525,https://etiquecosas.ar/wp-content/uploads/2023/04/calco-trust-no-one.jpg
49524,"https://etiquecosas.ar/wp-content/uploads/2023/04/calco-calavera-pez.jpg, https://etiquecosas.ar/wp-content/uploads/2023/03/termo-arg-Flor-2.jpg"
48719,https://etiquecosas.ar/wp-content/uploads/2023/03/calco-mate-scaled.jpg
48763,"https://etiquecosas.ar/wp-content/uploads/2023/03/calco-Mate-y-termo-argentina.jpg, https://etiquecosas.ar/wp-content/uploads/2023/03/termo-matero.jpg"
48771,https://etiquecosas.ar/wp-content/uploads/2023/03/calco-escudo-argentina.jpg
48708,"https://etiquecosas.ar/wp-content/uploads/2023/03/calco-ruta-40.jpg, https://etiquecosas.ar/wp-content/uploads/2023/03/termo-matero.jpg"
49497,https://etiquecosas.ar/wp-content/uploads/2023/04/calco-afa.jpg
48713,"https://etiquecosas.ar/wp-content/uploads/2023/03/calco-camiseta-argentina.jpg, https://etiquecosas.ar/wp-content/uploads/2023/03/termo-arg-Flor.jpg"
49495,"https://etiquecosas.ar/wp-content/uploads/2023/04/calco-10.jpg, https://etiquecosas.ar/wp-content/uploads/2023/03/termo-arg-Flor.jpg"
49480,https://etiquecosas.ar/wp-content/uploads/2023/04/calco-firma-diego.jpg
48717,https://etiquecosas.ar/wp-content/uploads/2023/03/calco-messi-scaled.jpg
48718,https://etiquecosas.ar/wp-content/uploads/2023/03/calco-messi-copa.jpg
70849,https://etiquecosas.ar/wp-content/uploads/2024/08/calco-neon-camiseta-basket.jpg
69475,https://etiquecosas.ar/wp-content/uploads/2024/07/calco-neon-futbol-americano-1.jpg
52123,https://etiquecosas.ar/wp-content/uploads/2023/08/calco-barbie.jpg
69579,https://etiquecosas.ar/wp-content/uploads/2024/07/calco-neon-tiktok.jpg
70848,https://etiquecosas.ar/wp-content/uploads/2024/08/calco-neon-capricornio.jpg
48722,https://etiquecosas.ar/wp-content/uploads/2023/03/calco-good-vibes-scaled.jpg
48737,https://etiquecosas.ar/wp-content/uploads/2023/03/calco-arco-iris.jpg
48712,https://etiquecosas.ar/wp-content/uploads/2023/03/calco-power.jpg
50080,https://etiquecosas.ar/wp-content/uploads/2023/05/calco-corazon-rosa.jpg
48772,https://etiquecosas.ar/wp-content/uploads/2023/03/calco-corazon-verde.jpg
50083,https://etiquecosas.ar/wp-content/uploads/2023/05/calco-corazon-violeta.jpg
69580,https://etiquecosas.ar/wp-content/uploads/2024/07/calco-neon-margarita.jpg
70829,https://etiquecosas.ar/wp-content/uploads/2024/08/calco-neon-rosa.jpg
52463,https://etiquecosas.ar/wp-content/uploads/2023/08/fotos-800-px-web-kitty.png
52470,https://etiquecosas.ar/wp-content/uploads/2023/08/fotos-800-px-web-osito-arcoiris.png
52468,https://etiquecosas.ar/wp-content/uploads/2023/08/fotos-800-px-web-osito-violeta.png
52465,https://etiquecosas.ar/wp-content/uploads/2023/08/fotos-800-px-web-rainbow-b.png
52461,https://etiquecosas.ar/wp-content/uploads/2023/08/fotos-800-px-web-snoopy.png
51900,https://etiquecosas.ar/wp-content/uploads/2023/07/fotos-800-px-web-trolls.png
49522,https://etiquecosas.ar/wp-content/uploads/2023/04/calco-gatito-de-la-suerte.jpg
48721,https://etiquecosas.ar/wp-content/uploads/2023/03/calco-girl-power-scaled.jpg
49496,https://etiquecosas.ar/wp-content/uploads/2023/04/calco-mujer-maravillosa.jpg
49529,https://etiquecosas.ar/wp-content/uploads/2023/04/calco-pacman.jpg
70935,https://etiquecosas.ar/wp-content/uploads/2024/08/calco-neon-amongus.jpg
70818,https://etiquecosas.ar/wp-content/uploads/2024/08/calco-neon-videojuego-retro.jpg
69574,https://etiquecosas.ar/wp-content/uploads/2024/07/calco-neon-over.jpg
52890,https://etiquecosas.ar/wp-content/uploads/2023/08/calco-redhot.jpg
49532,https://etiquecosas.ar/wp-content/uploads/2023/04/calco-Rolling-stone.jpg
52893,https://etiquecosas.ar/wp-content/uploads/2023/08/calco-Darth-Vader.jpg
52888,https://etiquecosas.ar/wp-content/uploads/2023/08/calco-star-wars.jpg
70909,https://etiquecosas.ar/wp-content/uploads/2024/08/calco-neon-terror.jpg
69461,https://etiquecosas.ar/wp-content/uploads/2024/07/calco-neon-alien-1.jpg
51897,https://etiquecosas.ar/wp-content/uploads/2023/07/fotos-800-px-web-astronauta.png
69473,https://etiquecosas.ar/wp-content/uploads/2024/07/calco-neon-astronauta-1.jpg
69471,https://etiquecosas.ar/wp-content/uploads/2024/07/calco-neon-Astro-chill-1.jpg
69472,https://etiquecosas.ar/wp-content/uploads/2024/07/calco-neon-cohete-1.jpg
49528,https://etiquecosas.ar/wp-content/uploads/2023/04/calco-nasa.jpg
48710,https://etiquecosas.ar/wp-content/uploads/2023/03/calco-hey.jpg
48736,https://etiquecosas.ar/wp-content/uploads/2023/03/calco-friends.jpg
48664,https://etiquecosas.ar/wp-content/uploads/2023/03/calco-simbolo-de-la-paz-scaled.jpg
69476,https://etiquecosas.ar/wp-content/uploads/2024/07/calco-neon-hippie-1.jpg
69478,https://etiquecosas.ar/wp-content/uploads/2024/07/calco-neon-honguitos-1.jpg
48741,"https://etiquecosas.ar/wp-content/uploads/2023/03/calco-patines.jpg, https://etiquecosas.ar/wp-content/uploads/2023/03/compu-marce.jpg"
48765,"https://etiquecosas.ar/wp-content/uploads/2023/03/calco-cassete-retro.jpg, https://etiquecosas.ar/wp-content/uploads/2023/03/compu-marce.jpg"
48738,https://etiquecosas.ar/wp-content/uploads/2023/03/calco-cassete-scaled.jpg
49521,https://etiquecosas.ar/wp-content/uploads/2023/04/calco-All-star-negra.jpg
49520,https://etiquecosas.ar/wp-content/uploads/2023/03/calco-zapatilla.jpg
48711,https://etiquecosas.ar/wp-content/uploads/2023/03/calco-smile.jpg
69480,https://etiquecosas.ar/wp-content/uploads/2024/07/calco-neon-smile-1.jpg
69479,https://etiquecosas.ar/wp-content/uploads/2024/07/calco-neon-lagrima-1.jpg
48781,"https://etiquecosas.ar/wp-content/uploads/2023/03/calco-be-yourself.jpg, https://etiquecosas.ar/wp-content/uploads/2023/03/compu-tuneada.jpg"
48783,"https://etiquecosas.ar/wp-content/uploads/2023/03/calco-corazon-orgullo.jpg, https://etiquecosas.ar/wp-content/uploads/2023/03/compu-tuneada.jpg"
50086,"https://etiquecosas.ar/wp-content/uploads/2023/05/calco-love.jpg, https://etiquecosas.ar/wp-content/uploads/2023/03/compu-tuneada.jpg"
49517,"https://etiquecosas.ar/wp-content/uploads/2023/03/calco-signo-de-la-paz-orgullo.jpg, https://etiquecosas.ar/wp-content/uploads/2023/03/compu-tuneada.jpg"
48769,https://etiquecosas.ar/wp-content/uploads/2023/03/calco-helado-chispas.jpg
73771,https://etiquecosas.ar/wp-content/uploads/2023/03/calco-helado-menta-scaled.jpg
69571,https://etiquecosas.ar/wp-content/uploads/2024/07/calco-neon-helado-chill.jpg
48779,"https://etiquecosas.ar/wp-content/uploads/2023/03/calco-coffee-to-go.jpg, https://etiquecosas.ar/wp-content/uploads/2023/03/termo-playa.jpg, https://etiquecosas.ar/wp-content/uploads/2023/03/termo-playa-Tami.jpg"
69581,https://etiquecosas.ar/wp-content/uploads/2024/07/calco-neon-hamburguesa.jpg
69553,https://etiquecosas.ar/wp-content/uploads/2024/07/calco-neon-anana.jpg
48666,"https://etiquecosas.ar/wp-content/uploads/2023/03/calco-palta-scaled.jpg, https://etiquecosas.ar/wp-content/uploads/2023/03/termo-playa.jpg"
48683,"https://etiquecosas.ar/wp-content/uploads/2023/03/calco-taza-corazon.jpg, https://etiquecosas.ar/wp-content/uploads/2023/03/termo-playa-Tami.jpg"
69570,https://etiquecosas.ar/wp-content/uploads/2024/07/calco-neon-gatito.jpg
69572,https://etiquecosas.ar/wp-content/uploads/2024/07/calco-neon-perrito.jpg
67849,https://etiquecosas.ar/wp-content/uploads/2023/07/calco-perro-beagle.jpg
67830,https://etiquecosas.ar/wp-content/uploads/2023/07/calco-perro-boxer.jpg
67829,https://etiquecosas.ar/wp-content/uploads/2023/07/calco-perro-callejero-1.jpg
67833,https://etiquecosas.ar/wp-content/uploads/2023/07/calco-perro-golden.jpg
67834,https://etiquecosas.ar/wp-content/uploads/2023/07/calco-perro-salchicha.jpg
67847,https://etiquecosas.ar/wp-content/uploads/2023/07/calco-perro-pug.jpg
68722,"https://etiquecosas.ar/wp-content/uploads/2024/01/sello-redondo-repuesto-cinta.jpg, https://etiquecosas.ar/wp-content/uploads/2024/01/sello-redondo-repuesto-cinta-5.jpg, https://etiquecosas.ar/wp-content/uploads/2024/01/sello-redondo-repuesto-cinta-4.jpg, https://etiquecosas.ar/wp-content/uploads/2024/01/sello-redondo-repuesto-cinta-3.jpg"
61424,"https://etiquecosas.ar/wp-content/uploads/2024/01/accesorio-letras-sello-portada.jpg, https://etiquecosas.ar/wp-content/uploads/2024/01/accesorio-letras-sello.jpg, https://etiquecosas.ar/wp-content/uploads/2024/01/WhatsApp-Image-2024-01-15-at-22.16.22.jpeg"
33611,"https://etiquecosas.ar/wp-content/uploads/2022/11/maquillaje-ciro.jpg, https://etiquecosas.ar/wp-content/uploads/2022/11/maquillaje-barra.jpg, https://etiquecosas.ar/wp-content/uploads/2022/11/maquillaje-brazo.jpg, https://etiquecosas.ar/wp-content/uploads/2022/11/maquillaje-chicos.jpg"
141,"https://etiquecosas.ar/wp-content/uploads/2020/01/IMG_3838-combo-maternal.jpg, https://etiquecosas.ar/wp-content/uploads/2020/01/combo-primaria-1.jpg, https://etiquecosas.ar/wp-content/uploads/2020/01/IMG_6412-combo-maternal.jpg, https://etiquecosas.ar/wp-content/uploads/2020/01/IMG_9586-combo-maternal.jpg, https://etiquecosas.ar/wp-content/uploads/2020/01/Spot-1.jpg, https://etiquecosas.ar/wp-content/uploads/2019/10/combo-jardin_6.jpg, https://etiquecosas.ar/wp-content/uploads/2019/10/combo-jardin_7.jpg"
79,"https://etiquecosas.ar/wp-content/uploads/2020/01/IMG_1944.jpg, https://etiquecosas.ar/wp-content/uploads/2020/01/combo-primaria2.jpg, https://etiquecosas.ar/wp-content/uploads/2020/01/combo-primaria.jpg, https://etiquecosas.ar/wp-content/uploads/2020/01/combo-primaria3.jpg, https://etiquecosas.ar/wp-content/uploads/2020/01/combo-primaria4.jpg, https://etiquecosas.ar/wp-content/uploads/2019/09/benicio.jpg, https://etiquecosas.ar/wp-content/uploads/2020/05/primaria.jpg, https://etiquecosas.ar/wp-content/uploads/2019/09/combo-completo.jpg"
18799,"https://etiquecosas.ar/wp-content/uploads/2022/01/simones-2024-3a.jpg, https://etiquecosas.ar/wp-content/uploads/2022/01/Portada-simones-tematicas-2024.jpg, https://etiquecosas.ar/wp-content/uploads/2022/01/plancha-combo-simones-2024.jpg, https://etiquecosas.ar/wp-content/uploads/2022/01/vinilo-simones-ropa-2.jpg, https://etiquecosas.ar/wp-content/uploads/2022/01/simones-2024-2.jpg"
19655,"https://etiquecosas.ar/wp-content/uploads/2022/01/Portada-zombies-2024.jpg, https://etiquecosas.ar/wp-content/uploads/2022/01/Portada-zombies-ropa.jpg, https://etiquecosas.ar/wp-content/uploads/2021/02/zombies-2024.jpg"
52757,"https://etiquecosas.ar/wp-content/uploads/2023/08/Etiquetas-positivas-2.jpg, https://etiquecosas.ar/wp-content/uploads/2023/08/Etiquetas-positivas-9.jpg, https://etiquecosas.ar/wp-content/uploads/2023/08/Etiquetas-positivas-6.jpg, https://etiquecosas.ar/wp-content/uploads/2023/08/Etiquetas-positivas-3.jpg, https://etiquecosas.ar/wp-content/uploads/2023/08/ETIQUECOSAS57.jpg, https://etiquecosas.ar/wp-content/uploads/2023/08/Etiquetas-positivas-4.jpg, https://etiquecosas.ar/wp-content/uploads/2023/08/Etiquetas-positivas-8.jpg, https://etiquecosas.ar/wp-content/uploads/2023/08/Etiquetas-positivas7.jpg, https://etiquecosas.ar/wp-content/uploads/2023/08/Etiquetas-positivas-plancha.jpg"
2619,"https://etiquecosas.ar/wp-content/uploads/2020/09/IMG_8256.jpg, https://etiquecosas.ar/wp-content/uploads/2020/09/etiquecosas_septiembre_02_03.png, https://etiquecosas.ar/wp-content/uploads/2020/08/planchas.jpg, https://etiquecosas.ar/wp-content/uploads/2020/09/propusta.jpg, https://etiquecosas.ar/wp-content/uploads/2020/06/combo2.jpg"
30716,"https://etiquecosas.ar/wp-content/uploads/2022/07/juegos-secretos.jpg, https://etiquecosas.ar/wp-content/uploads/2022/07/juegos-secretos4-scaled.jpg, https://etiquecosas.ar/wp-content/uploads/2022/07/juegos-secretos2-scaled.jpg, https://etiquecosas.ar/wp-content/uploads/2022/07/juegos-secretos9.jpg, https://etiquecosas.ar/wp-content/uploads/2022/07/juegos-secretos8.jpg, https://etiquecosas.ar/wp-content/uploads/2022/07/juegos-secretos6.jpg, https://etiquecosas.ar/wp-content/uploads/2022/07/juegos-secretos1-scaled.jpg, https://etiquecosas.ar/wp-content/uploads/2022/07/juegos-secretos3.jpg, https://etiquecosas.ar/wp-content/uploads/2022/07/juegos-secretos5.jpg"
30694,"https://etiquecosas.ar/wp-content/uploads/2022/07/Ya-creci-tapa.jpg, https://etiquecosas.ar/wp-content/uploads/2022/07/Ya-creci-2.jpg, https://etiquecosas.ar/wp-content/uploads/2022/07/Ya-creci-3.jpg, https://etiquecosas.ar/wp-content/uploads/2022/07/Ya-creci-4.jpg, https://etiquecosas.ar/wp-content/uploads/2022/07/Ya-creci-1.jpg"
13723,"https://etiquecosas.ar/wp-content/uploads/2021/10/Muy-Lejos-De-La-Tierra-Web-TAPA.jpg, https://etiquecosas.ar/wp-content/uploads/2021/10/Muy-Lejos-De-La-Tierra-Web-2.jpg, https://etiquecosas.ar/wp-content/uploads/2021/10/Muy-Lejos-De-La-Tierra-Web-5.jpg, https://etiquecosas.ar/wp-content/uploads/2021/10/Muy-Lejos-De-La-Tierra-Web-9.jpg, https://etiquecosas.ar/wp-content/uploads/2021/10/Muy-Lejos-De-La-Tierra-Web-10.jpg"
70960,"https://etiquecosas.ar/wp-content/uploads/2024/08/Doble_vida_tapa.jpg, https://etiquecosas.ar/wp-content/uploads/2024/08/doble-vida-9.jpg, https://etiquecosas.ar/wp-content/uploads/2024/08/doble-vida-10.jpg"
1224,"https://etiquecosas.ar/wp-content/uploads/2020/05/IMG_3643-scaled.jpg, https://etiquecosas.ar/wp-content/uploads/2020/05/planchas.jpg, https://etiquecosas.ar/wp-content/uploads/2020/05/Etiquecosas-56.jpg, https://etiquecosas.ar/wp-content/uploads/2020/05/mamadera.jpg, https://etiquecosas.ar/wp-content/uploads/2020/05/IMG_9666-scaled.jpg, https://etiquecosas.ar/wp-content/uploads/2020/05/ciro-mamadera.jpg, https://etiquecosas.ar/wp-content/uploads/2020/05/maxi.jpg, https://etiquecosas.ar/wp-content/uploads/2020/05/benicio.jpg"
1233,"https://etiquecosas.ar/wp-content/uploads/2023/10/etiqueta-spot-1.jpg, https://etiquecosas.ar/wp-content/uploads/2020/01/IMG_6412-combo-maternal.jpg, https://etiquecosas.ar/wp-content/uploads/2020/01/IMG_9586-combo-maternal.jpg, https://etiquecosas.ar/wp-content/uploads/2020/01/Spot-1.jpg, https://etiquecosas.ar/wp-content/uploads/2023/10/etiqueta-spot-2.jpg"
69306,"https://etiquecosas.ar/wp-content/uploads/2024/06/mega-pack-efecto-neon-1-1.jpg, https://etiquecosas.ar/wp-content/uploads/2024/06/mega-pack-efecto-neon-1.jpg, https://etiquecosas.ar/wp-content/uploads/2024/06/mega-pack-efecto-neon-1-a.jpg, https://etiquecosas.ar/wp-content/uploads/2024/06/mega-pack-efecto-neon-1-b.jpg"
3128,"https://etiquecosas.ar/wp-content/uploads/2020/10/NAVIDAD-2020.jpg, https://etiquecosas.ar/wp-content/uploads/2020/10/planchas-navidad-2020.jpg"
69315,"https://etiquecosas.ar/wp-content/uploads/2024/06/mega-pack-efecto-neon-2-b.jpg, https://etiquecosas.ar/wp-content/uploads/2024/06/mega-pack-portada-neon-2.jpg, https://etiquecosas.ar/wp-content/uploads/2024/06/mega-pack-efecto-neon-2-a.jpg, https://etiquecosas.ar/wp-content/uploads/2024/06/mega-pack-efecto-neon-2.jpg"
71233,"https://etiquecosas.ar/wp-content/uploads/2024/09/mega-pack-efecto-neon-3.jpg, https://etiquecosas.ar/wp-content/uploads/2024/09/mega-pack-3.jpg, https://etiquecosas.ar/wp-content/uploads/2024/09/mega-pack-3-galeria-2.jpg, https://etiquecosas.ar/wp-content/uploads/2024/09/mega-pack-3-galeria-1.jpg, https://etiquecosas.ar/wp-content/uploads/2024/09/mega-pack-3-galeria.jpg, https://etiquecosas.ar/wp-content/uploads/2024/09/mega-pack-3-galeria-3.jpg, https://etiquecosas.ar/wp-content/uploads/2024/08/calco-neon-saturno.jpg, https://etiquecosas.ar/wp-content/uploads/2024/08/calco-neon-videojuego-retro.jpg, https://etiquecosas.ar/wp-content/uploads/2024/07/calco-neon-cohete-1.jpg"
32615,"https://etiquecosas.ar/wp-content/uploads/2022/10/Mi-papa-estuvo-en-la-selva-1.jpg, https://etiquecosas.ar/wp-content/uploads/2022/10/Mi-papa-estuvo-en-la-selva-3.jpg, https://etiquecosas.ar/wp-content/uploads/2022/10/Mi-papa-estuvo-en-la-selva-2.jpg"
1180,"https://etiquecosas.ar/wp-content/uploads/2020/05/Arrorro-2.jpg, https://etiquecosas.ar/wp-content/uploads/2020/05/Arrorro-3.jpg, https://etiquecosas.ar/wp-content/uploads/2020/05/Arrorro-1.jpg, https://etiquecosas.ar/wp-content/uploads/2020/05/Arrorro-4.jpg, https://etiquecosas.ar/wp-content/uploads/2020/05/Arrorro-5.jpg"
50305,"https://etiquecosas.ar/wp-content/uploads/2023/05/Tapa-Como-chanchos.jpeg, https://etiquecosas.ar/wp-content/uploads/2023/05/COmo-chanchos-interior-1.png, https://etiquecosas.ar/wp-content/uploads/2023/05/COmo-chanchos-interior-2.png"
2418,"https://etiquecosas.ar/wp-content/uploads/2020/08/foto-4-sinlogo.png, https://etiquecosas.ar/wp-content/uploads/2020/08/El-pirata-valiente-2-scaled.jpg, https://etiquecosas.ar/wp-content/uploads/2020/08/El-pirata-valiente-3-scaled.jpg, https://etiquecosas.ar/wp-content/uploads/2020/08/El-pirata-valiente-4-scaled.jpg"
50309,"https://etiquecosas.ar/wp-content/uploads/2023/05/Pandilla_tapa.jpg, https://etiquecosas.ar/wp-content/uploads/2023/05/interior-pandilla-1-1.png, https://etiquecosas.ar/wp-content/uploads/2023/05/interior-pandilla-2.png, https://etiquecosas.ar/wp-content/uploads/2023/05/salchi.png"
50320,"https://etiquecosas.ar/wp-content/uploads/2023/05/waterson-tapa-1.jpg, https://etiquecosas.ar/wp-content/uploads/2023/05/waterson-4.jpg, https://etiquecosas.ar/wp-content/uploads/2023/05/waterson-1.jpg, https://etiquecosas.ar/wp-content/uploads/2023/05/waterson-2.jpg, https://etiquecosas.ar/wp-content/uploads/2023/05/waterson-3.jpg"
1128,"https://etiquecosas.ar/wp-content/uploads/2020/05/fiesta-de-disfraces-1.png, https://etiquecosas.ar/wp-content/uploads/2020/05/fiesta-de-disfraces-2.png, https://etiquecosas.ar/wp-content/uploads/2020/05/fiesta-de-disfraces-3.png, https://etiquecosas.ar/wp-content/uploads/2020/05/fiesta-de-disfraces-4.png"
1176,"https://etiquecosas.ar/wp-content/uploads/2020/05/Nariz-de-higo-1.jpg, https://etiquecosas.ar/wp-content/uploads/2020/05/Nariz-de-higo-2.jpg, https://etiquecosas.ar/wp-content/uploads/2020/05/Nariz-de-higo-3.jpg"
1591,https://etiquecosas.ar/wp-content/uploads/2020/06/YUCATAN.jpg
1594,https://etiquecosas.ar/wp-content/uploads/2020/06/YUCATAN2.jpg
1422,"https://etiquecosas.ar/wp-content/uploads/2020/06/jueguetes.jpg, https://etiquecosas.ar/wp-content/uploads/2020/06/blister.jpg, https://etiquecosas.ar/wp-content/uploads/2020/06/lapices.jpg, https://etiquecosas.ar/wp-content/uploads/2020/06/IMG_3554-copy.jpg"
3540,"https://etiquecosas.ar/wp-content/uploads/2020/11/DosGatos-2.jpg, https://etiquecosas.ar/wp-content/uploads/2020/11/DosGatos-1.jpg, https://etiquecosas.ar/wp-content/uploads/2020/11/DosGatos-3.jpg, https://etiquecosas.ar/wp-content/uploads/2020/11/DosGatos-4.jpg"
13715,"https://etiquecosas.ar/wp-content/uploads/2021/10/RieChinito-Tapa-Web.jpg, https://etiquecosas.ar/wp-content/uploads/2021/10/RieChinito-1-Web-1.jpg, https://etiquecosas.ar/wp-content/uploads/2021/10/RieChinito-Contratapa-Web.jpg"
34853,"https://etiquecosas.ar/wp-content/uploads/2022/12/Portada-camaleon.jpg, https://etiquecosas.ar/wp-content/uploads/2022/12/camaleon-2.jpg, https://etiquecosas.ar/wp-content/uploads/2022/12/camaleon-1.jpg"
1843,"https://etiquecosas.ar/wp-content/uploads/2020/07/Palo-palito-1-scaled.jpg, https://etiquecosas.ar/wp-content/uploads/2020/07/Palo-palito-4-scaled.jpg, https://etiquecosas.ar/wp-content/uploads/2020/07/Palo-palito-2-scaled.jpg"
1183,"https://etiquecosas.ar/wp-content/uploads/2020/05/Duerme-negrito.jpg, https://etiquecosas.ar/wp-content/uploads/2020/05/Duerme-negrito-4.jpg, https://etiquecosas.ar/wp-content/uploads/2020/05/Duerme-negriton2.jpg, https://etiquecosas.ar/wp-content/uploads/2020/05/Otros-3.jpg"
1199,"https://etiquecosas.ar/wp-content/uploads/2020/05/Kanishka-1.jpg, https://etiquecosas.ar/wp-content/uploads/2020/05/Kanishka-4.jpg, https://etiquecosas.ar/wp-content/uploads/2020/05/Kanishka-2.jpg, https://etiquecosas.ar/wp-content/uploads/2020/05/Otros-3.jpg"
1177,"https://etiquecosas.ar/wp-content/uploads/2020/05/nam.jpg, https://etiquecosas.ar/wp-content/uploads/2020/05/NÃÉam-2-1.jpg, https://etiquecosas.ar/wp-content/uploads/2020/05/NÃÉam-5-1-scaled.jpg"
10074,"https://etiquecosas.ar/wp-content/uploads/2021/03/5-besos.jpg, https://etiquecosas.ar/wp-content/uploads/2021/03/5-besos-2.jpg, https://etiquecosas.ar/wp-content/uploads/2021/03/5-besos-4.jpg, https://etiquecosas.ar/wp-content/uploads/2021/03/5-besos-3.jpg"
3526,"https://etiquecosas.ar/wp-content/uploads/2020/11/Caminando-ando-1.jpg, https://etiquecosas.ar/wp-content/uploads/2020/11/Caminando-ando-5.jpg, https://etiquecosas.ar/wp-content/uploads/2020/11/Caminando-ando-3.jpg, https://etiquecosas.ar/wp-content/uploads/2020/11/Caminando-ando-2.jpg"
1568,"https://etiquecosas.ar/wp-content/uploads/2020/06/siempre-linda3.jpg, https://etiquecosas.ar/wp-content/uploads/2020/06/siempre-linda2.jpg"
1838,"https://etiquecosas.ar/wp-content/uploads/2020/07/Ver-pasar-el-tren-1-scaled.jpg, https://etiquecosas.ar/wp-content/uploads/2020/07/Ver-pasar-el-tren-4-scaled.jpg, https://etiquecosas.ar/wp-content/uploads/2020/07/Ver-pasar-el-tren-2-scaled.jpg"
3035,"https://etiquecosas.ar/wp-content/uploads/2020/10/SKY3.jpg, https://etiquecosas.ar/wp-content/uploads/2020/10/SKY-portada.jpg, https://etiquecosas.ar/wp-content/uploads/2020/10/SKY2.jpg"
1667,"https://etiquecosas.ar/wp-content/uploads/2020/06/black3.jpg, https://etiquecosas.ar/wp-content/uploads/2020/06/black2.jpg, https://etiquecosas.ar/wp-content/uploads/2020/06/foto2_sinlogo.png, https://etiquecosas.ar/wp-content/uploads/2020/06/PLANCHA-EXTRA-BLACK.png, https://etiquecosas.ar/wp-content/uploads/2020/06/foto3_sinlogo.png"
1638,"https://etiquecosas.ar/wp-content/uploads/2020/06/CUTE2.jpg, https://etiquecosas.ar/wp-content/uploads/2020/06/PLANCHA-EXTRA-CUTE-01.png"
1664,"https://etiquecosas.ar/wp-content/uploads/2020/06/compu.jpg, https://etiquecosas.ar/wp-content/uploads/2020/06/degrade3.jpg, https://etiquecosas.ar/wp-content/uploads/2020/06/compu1.jpg, https://etiquecosas.ar/wp-content/uploads/2020/06/compu2.jpg, https://etiquecosas.ar/wp-content/uploads/2020/06/PLANCHA-EXTRA-DEGRADE-01.png"
1670,"https://etiquecosas.ar/wp-content/uploads/2020/06/nordico4.jpg, https://etiquecosas.ar/wp-content/uploads/2020/06/nordico3.jpg, https://etiquecosas.ar/wp-content/uploads/2020/06/nordico1.jpg, https://etiquecosas.ar/wp-content/uploads/2020/06/IMG_6846.jpg, https://etiquecosas.ar/wp-content/uploads/2020/06/IMG_6841.jpg, https://etiquecosas.ar/wp-content/uploads/2020/06/PLANCHA-EXTRA-NORDICO-01.png"
1184,"https://etiquecosas.ar/wp-content/uploads/2020/05/Agua-salada-3.jpg, https://etiquecosas.ar/wp-content/uploads/2020/05/Agua-salada-6.jpg, https://etiquecosas.ar/wp-content/uploads/2020/05/Agua-salada-5.jpg, https://etiquecosas.ar/wp-content/uploads/2020/05/Agua-salada-4.jpg, https://etiquecosas.ar/wp-content/uploads/2020/05/Otros-3.jpg"
14870,"https://etiquecosas.ar/wp-content/uploads/2021/11/combo-navidad.jpg, https://etiquecosas.ar/wp-content/uploads/2021/11/combo-navidad1.jpg, https://etiquecosas.ar/wp-content/uploads/2020/11/cubiertos-navidad-etiquetas.jpg, https://etiquecosas.ar/wp-content/uploads/2020/10/NAVIDAD-2020.jpg, https://etiquecosas.ar/wp-content/uploads/2020/10/planchas-navidad-2020.jpg"
1852,"https://etiquecosas.ar/wp-content/uploads/2020/07/Numeroso-5-scaled.jpg, https://etiquecosas.ar/wp-content/uploads/2020/07/7-Numeroso-3-scaled.jpg, https://etiquecosas.ar/wp-content/uploads/2020/07/7-Numeroso-2-scaled.jpg"
1848,"https://etiquecosas.ar/wp-content/uploads/2020/07/Quiero-ser-un-dinosaurio-1-scaled.jpg, https://etiquecosas.ar/wp-content/uploads/2020/07/Quiero-ser-un-dinosaurio-4-scaled.jpg, https://etiquecosas.ar/wp-content/uploads/2020/07/Quiero-ser-un-dinosaurio-2-scaled.jpg"
1857,"https://etiquecosas.ar/wp-content/uploads/2020/07/Salta-canguro-4-2-scaled.jpg, https://etiquecosas.ar/wp-content/uploads/2020/07/Salta-canguro-3-scaled.jpg, https://etiquecosas.ar/wp-content/uploads/2020/07/Salta-canguro-scaled.jpg"
1182,"https://etiquecosas.ar/wp-content/uploads/2020/05/Abecedario-2.jpg, https://etiquecosas.ar/wp-content/uploads/2020/05/Abecedario-4.jpg, https://etiquecosas.ar/wp-content/uploads/2020/05/Abecedario-3.jpg, https://etiquecosas.ar/wp-content/uploads/2020/05/Abecedario-1.jpg"
2397,"https://etiquecosas.ar/wp-content/uploads/2020/08/tapa.jpg, https://etiquecosas.ar/wp-content/uploads/2020/06/WhatsApp-Image-2020-08-27-at-16.41.29.jpeg, https://etiquecosas.ar/wp-content/uploads/2020/06/combo2.jpg, https://etiquecosas.ar/wp-content/uploads/2020/08/WhatsApp-Image-2020-09-02-at-17.20.18.jpeg, https://etiquecosas.ar/wp-content/uploads/2020/08/planchas.jpg, https://etiquecosas.ar/wp-content/uploads/2020/05/Abecedario-4.jpg, https://etiquecosas.ar/wp-content/uploads/2020/05/Abecedario-3.jpg, https://etiquecosas.ar/wp-content/uploads/2020/05/Abecedario-1.jpg, https://etiquecosas.ar/wp-content/uploads/2020/05/Abecedario-2.jpg"
55418,https://etiquecosas.ar/wp-content/uploads/2021/01/tematicas-AIRE.jpg
90411,"https://etiquecosas.ar/wp-content/uploads/2025/05/portada-tematicas-positive.jpg, https://etiquecosas.ar/wp-content/uploads/2025/05/Etiquecosas-Vuelta-al-cole-2025-baja33.jpg, https://etiquecosas.ar/wp-content/uploads/2025/05/Etiquecosas-Vuelta-al-cole-2025-baja31.jpg"
960,"https://etiquecosas.ar/wp-content/uploads/2020/01/portada-nordico.jpg, https://etiquecosas.ar/wp-content/uploads/2020/01/PLANCHA.jpg, https://etiquecosas.ar/wp-content/uploads/2020/01/glitter.jpg, https://etiquecosas.ar/wp-content/uploads/2020/01/botell.jpg"
1050,https://etiquecosas.ar/wp-content/uploads/2020/01/DINO.jpg
1049,https://etiquecosas.ar/wp-content/uploads/2020/01/animalitos.jpg
11071,"https://etiquecosas.ar/wp-content/uploads/2021/05/portada-granja1.jpg, https://etiquecosas.ar/wp-content/uploads/2021/05/PLANCHAS-granja.jpg"
1051,"https://etiquecosas.ar/wp-content/uploads/2020/01/IMG_9368-copy.jpg, https://etiquecosas.ar/wp-content/uploads/2020/01/espacio.jpg"
929,"https://etiquecosas.ar/wp-content/uploads/2020/01/portada-dino.jpg, https://etiquecosas.ar/wp-content/uploads/2020/01/plancha-dinosaurio.jpg, https://etiquecosas.ar/wp-content/uploads/2020/01/dinosaurio3.jpg, https://etiquecosas.ar/wp-content/uploads/2020/01/dinosaurio4.jpg, https://etiquecosas.ar/wp-content/uploads/2020/01/dinosaurio1.jpg, https://etiquecosas.ar/wp-content/uploads/2020/01/dinosaurio.jpg"
1048,https://etiquecosas.ar/wp-content/uploads/2020/01/TERROR.jpg
920,"https://etiquecosas.ar/wp-content/uploads/2020/01/PORTADA-PLANCHA.jpg, https://etiquecosas.ar/wp-content/uploads/2020/01/PLANCHA-emoji.jpg, https://etiquecosas.ar/wp-content/uploads/2020/01/emoji2.jpg, https://etiquecosas.ar/wp-content/uploads/2020/01/IMG_6438-logo.jpg, https://etiquecosas.ar/wp-content/uploads/2020/01/emoji.jpg, https://etiquecosas.ar/wp-content/uploads/2020/01/IMG_6400.jpg, https://etiquecosas.ar/wp-content/uploads/2020/01/edding-logo.jpg"
12511,https://etiquecosas.ar/wp-content/uploads/2021/08/harry-potter.jpg
11131,"https://etiquecosas.ar/wp-content/uploads/2021/05/PORTADA-basquet.jpg, https://etiquecosas.ar/wp-content/uploads/2021/05/PLANCHAS-basquet.jpg"
2388,https://etiquecosas.ar/wp-content/uploads/2020/08/STARWARS-plancha.jpg
33879,"https://etiquecosas.ar/wp-content/uploads/2022/11/tematicas-gamer.jpg, https://etiquecosas.ar/wp-content/uploads/2022/11/tematicas-gamer-plancha.jpg"
2385,"https://etiquecosas.ar/wp-content/uploads/2020/08/super-heroes-plancha.jpg, https://etiquecosas.ar/wp-content/uploads/2020/08/super-heroes.jpg"
32233,"https://etiquecosas.ar/wp-content/uploads/2022/09/portada-SKATE.jpg, https://etiquecosas.ar/wp-content/uploads/2022/09/PLANCHAS-SKATE.jpg"
948,"https://etiquecosas.ar/wp-content/uploads/2020/01/SANDWICH.jpg, https://etiquecosas.ar/wp-content/uploads/2020/01/plancha-futbol.jpg, https://etiquecosas.ar/wp-content/uploads/2020/01/futbol2.jpg, https://etiquecosas.ar/wp-content/uploads/2020/01/IMG_6438-logo-1.jpg, https://etiquecosas.ar/wp-content/uploads/2020/01/futbol-2.jpg, https://etiquecosas.ar/wp-content/uploads/2020/01/futbol3.jpg"
956,"https://etiquecosas.ar/wp-content/uploads/2020/01/marino-portada.jpg, https://etiquecosas.ar/wp-content/uploads/2020/01/PLANCHA-MARINO.jpg, https://etiquecosas.ar/wp-content/uploads/2020/01/nautica1.jpg"
11128,"https://etiquecosas.ar/wp-content/uploads/2021/05/PORTADA-transportes.jpg, https://etiquecosas.ar/wp-content/uploads/2021/05/PLANCHAS-transportes.jpg"
3627,"https://etiquecosas.ar/wp-content/uploads/2020/12/portada-llamas.jpg, https://etiquecosas.ar/wp-content/uploads/2020/12/PLANCHAS-llamas.jpg, https://etiquecosas.ar/wp-content/uploads/2020/12/llamas-1.jpg, https://etiquecosas.ar/wp-content/uploads/2020/12/llamas-2.jpg"
912,"https://etiquecosas.ar/wp-content/uploads/2020/01/PORTADA-UNICORNIO2.jpg, https://etiquecosas.ar/wp-content/uploads/2020/01/PLANCHAS-unicornio.jpg, https://etiquecosas.ar/wp-content/uploads/2020/01/vuelta-al-cole.jpg, https://etiquecosas.ar/wp-content/uploads/2020/01/botella.jpg, https://etiquecosas.ar/wp-content/uploads/2020/01/tupper-plancha.jpg, https://etiquecosas.ar/wp-content/uploads/2020/01/tupper.jpg"
939,"https://etiquecosas.ar/wp-content/uploads/2020/01/portada-1.jpg, https://etiquecosas.ar/wp-content/uploads/2020/01/PLANCHA-teen.jpg, https://etiquecosas.ar/wp-content/uploads/2020/01/teen3.jpg, https://etiquecosas.ar/wp-content/uploads/2020/01/teen1.jpg, https://etiquecosas.ar/wp-content/uploads/2020/01/teen4.jpg, https://etiquecosas.ar/wp-content/uploads/2020/01/teen2.jpg, https://etiquecosas.ar/wp-content/uploads/2020/01/botella-1.jpg"
4483,"https://etiquecosas.ar/wp-content/uploads/2021/01/Portada.jpg, https://etiquecosas.ar/wp-content/uploads/2021/01/tupper-tiktok.jpg, https://etiquecosas.ar/wp-content/uploads/2021/01/PLANCHAS-tik-tok.jpg"
4744,https://etiquecosas.ar/wp-content/uploads/2021/02/zombies-2024.jpg
1074,https://etiquecosas.ar/wp-content/uploads/2020/04/Portada-simones-2024-1.jpg
13978,"https://etiquecosas.ar/wp-content/uploads/2021/10/FIESTA.jpg, https://etiquecosas.ar/wp-content/uploads/2021/10/cuaderno-fiesta.jpg"
13972,"https://etiquecosas.ar/wp-content/uploads/2021/10/plancha-spring.jpg, https://etiquecosas.ar/wp-content/uploads/2020/01/spring2.jpg, https://etiquecosas.ar/wp-content/uploads/2020/01/spring.jpg, https://etiquecosas.ar/wp-content/uploads/2020/01/spring1.jpg, https://etiquecosas.ar/wp-content/uploads/2020/01/spring3.jpg"
748,"https://etiquecosas.ar/wp-content/uploads/2021/10/estrellas.jpg, https://etiquecosas.ar/wp-content/uploads/2020/01/cuaderno-estrella.jpg"
13982,"https://etiquecosas.ar/wp-content/uploads/2021/10/animales-1.jpg, https://etiquecosas.ar/wp-content/uploads/2021/10/cuaderno-animales.jpg"
14291,https://etiquecosas.ar/wp-content/uploads/2021/11/transportes.jpg
13984,"https://etiquecosas.ar/wp-content/uploads/2021/10/deportes2.jpg, https://etiquecosas.ar/wp-content/uploads/2020/01/futbol.jpg"
13986,https://etiquecosas.ar/wp-content/uploads/2021/10/cuaderno-teen.jpg
29047,"https://etiquecosas.ar/wp-content/uploads/2022/04/arco-iris.jpg, https://etiquecosas.ar/wp-content/uploads/2022/04/remera-arco-iris.jpg"
52919,"https://etiquecosas.ar/wp-content/uploads/2023/08/universos-travel-4ok.jpg, https://etiquecosas.ar/wp-content/uploads/2023/08/universos-travel-1.jpg, https://etiquecosas.ar/wp-content/uploads/2023/08/universos-travel-3.jpg, https://etiquecosas.ar/wp-content/uploads/2023/08/universos-travel-2.jpg, https://etiquecosas.ar/wp-content/uploads/2023/08/universo-Travel.jpg"
52929,"https://etiquecosas.ar/wp-content/uploads/2023/08/universos-home-1ok.jpg, https://etiquecosas.ar/wp-content/uploads/2023/08/universo-Home-1.jpg, https://etiquecosas.ar/wp-content/uploads/2023/08/universos-home-5.jpg, https://etiquecosas.ar/wp-content/uploads/2023/08/universos-home-2.jpg, https://etiquecosas.ar/wp-content/uploads/2023/08/universos-home-3.jpg, https://etiquecosas.ar/wp-content/uploads/2023/08/universos-home-4.jpg"
29060,"https://etiquecosas.ar/wp-content/uploads/2022/04/bambi.jpg, https://etiquecosas.ar/wp-content/uploads/2022/04/remera-bambi-scaled.jpg"
33091,https://etiquecosas.ar/wp-content/uploads/2022/10/cara-animales-nuevo3.jpg
31397,"https://etiquecosas.ar/wp-content/uploads/2022/08/escudos-super-heroes.jpg, https://etiquecosas.ar/wp-content/uploads/2022/04/remera-indio-nene.jpg, https://etiquecosas.ar/wp-content/uploads/2022/04/remera-ositos-72dpi.jpg"
33081,https://etiquecosas.ar/wp-content/uploads/2022/10/parches-teen4.jpg
29056,"https://etiquecosas.ar/wp-content/uploads/2022/04/ositos-indios.jpg, https://etiquecosas.ar/wp-content/uploads/2022/04/remera-indio-nene.jpg, https://etiquecosas.ar/wp-content/uploads/2022/04/remera-ositos-72dpi.jpg"
51401,https://etiquecosas.ar/wp-content/uploads/2023/07/Peace-love2-1.jpg
31390,https://etiquecosas.ar/wp-content/uploads/2022/08/Arcoriis-gold.jpg
2390,https://etiquecosas.ar/wp-content/uploads/2020/08/candy-GLITTER.jpg
52611,"https://etiquecosas.ar/wp-content/uploads/2020/08/glitter-rosa-plancha.jpg, https://etiquecosas.ar/wp-content/uploads/2020/08/glitter-rosa.jpg"
2382,"https://etiquecosas.ar/wp-content/uploads/2021/05/glitter-gris-plancha.jpg, https://etiquecosas.ar/wp-content/uploads/2021/05/glitter-gris-plancha.jpg"
1052,https://etiquecosas.ar/wp-content/uploads/2020/01/unicornio-nuevo.jpg
12519,https://etiquecosas.ar/wp-content/uploads/2021/08/selva-scaled.jpg
35158,"https://etiquecosas.ar/wp-content/uploads/2022/12/universo-gamer3.jpg, https://etiquecosas.ar/wp-content/uploads/2022/12/universo-gamer4.jpg, https://etiquecosas.ar/wp-content/uploads/2022/12/universo-gamer2.jpg, https://etiquecosas.ar/wp-content/uploads/2022/12/universo-gamer.jpg, https://etiquecosas.ar/wp-content/uploads/2022/12/universos.jpg"
35145,"https://etiquecosas.ar/wp-content/uploads/2022/12/universo-teen2.jpg, https://etiquecosas.ar/wp-content/uploads/2022/12/universo-teen3.jpg, https://etiquecosas.ar/wp-content/uploads/2022/12/universo-teen4.jpg, https://etiquecosas.ar/wp-content/uploads/2022/12/universo-teen6.jpg"
35152,"https://etiquecosas.ar/wp-content/uploads/2022/12/universo-surf2.jpg, https://etiquecosas.ar/wp-content/uploads/2022/12/universo-surf4.jpg, https://etiquecosas.ar/wp-content/uploads/2022/12/universo-surf.jpg, https://etiquecosas.ar/wp-content/uploads/2022/08/universo-surfer.jpg, https://etiquecosas.ar/wp-content/uploads/2022/08/plancha-universo-surfer.jpg"
35164,"https://etiquecosas.ar/wp-content/uploads/2022/12/universo-skate.jpg, https://etiquecosas.ar/wp-content/uploads/2022/12/universo-skate3.jpg, https://etiquecosas.ar/wp-content/uploads/2022/12/universo-skate4.jpg, https://etiquecosas.ar/wp-content/uploads/2022/12/universo-skate2.jpg, https://etiquecosas.ar/wp-content/uploads/2022/12/universos.jpg"
72180,https://etiquecosas.ar/wp-content/uploads/2024/10/universo-summer.jpg
34982,https://etiquecosas.ar/wp-content/uploads/2022/12/plancha-universo-campeones1.jpg
38239,https://etiquecosas.ar/wp-content/uploads/2023/01/plancha-universo-simones.jpg
79042,https://etiquecosas.ar/wp-content/uploads/2025/01/plancha-universo-simones-mushi.jpg
33120,"https://etiquecosas.ar/wp-content/uploads/2022/08/universos-HALLOWEEN.jpg, https://etiquecosas.ar/wp-content/uploads/2022/10/BOTELLA-HALLOWEEN.jpg"
39544,https://etiquecosas.ar/wp-content/uploads/2022/08/plancha-universo-Zombies.jpg
